TIME Î¼s, IN1, IN2, MATH
999.906, -2.853853, 2.651665, -2.746866
997.953, -2.837967, 2.651665, -2.738923
996, -2.794641, 2.651665, -2.71726
994.047, -2.767201, 2.651665, -2.70354
992.094, -2.73254, 2.651665, -2.686209
990.141, -2.702212, 2.653109, -2.671767
988.188, -2.676217, 2.653109, -2.65877
986.235, -2.625669, 2.653109, -2.633496
984.282, -2.598229, 2.653109, -2.619776
982.33, -2.567901, 2.653109, -2.604612
980.377, -2.540461, 2.653109, -2.590892
978.424, -2.508689, 2.654553, -2.575728
976.471, -2.478361, 2.655998, -2.561286
974.518, -2.429258, 2.654553, -2.536012
972.565, -2.403262, 2.654553, -2.523015
970.612, -2.37149, 2.654553, -2.507128
968.659, -2.341161, 2.655998, -2.492687
966.706, -2.31661, 2.655998, -2.480411
964.753, -2.264619, 2.655998, -2.454415
962.8, -2.241512, 2.657442, -2.443583
960.847, -2.211183, 2.658886, -2.429141
958.894, -2.188076, 2.657442, -2.416866
956.941, -2.159192, 2.654553, -2.40098
954.988, -2.125975, 2.655998, -2.385093
953.035, -2.081205, 2.655998, -2.362708
951.082, -2.059542, 2.657442, -2.352598
949.13, -2.029214, 2.655998, -2.336713
947.177, -2.001774, 2.654553, -2.322271
945.224, -1.975778, 2.655998, -2.309995
943.271, -1.925231, 2.657442, -2.285443
941.318, -1.90068, 2.658886, -2.27389
939.365, -1.867463, 2.66033, -2.258003
937.412, -1.8458, 2.658886, -2.24645
935.459, -1.821249, 2.657442, -2.233452
933.506, -1.780811, 2.661774, -2.2154
931.553, -1.743262, 2.658886, -2.195181
929.6, -1.724487, 2.66033, -2.186515
927.647, -1.689826, 2.66033, -2.169185
925.694, -1.662386, 2.658886, -2.154743
923.741, -1.640723, 2.66033, -2.144634
921.788, -1.587288, 2.661774, -2.118638
919.835, -1.564181, 2.661774, -2.107084
917.882, -1.530964, 2.663218, -2.091198
915.93, -1.509301, 2.664663, -2.081089
913.977, -1.489082, 2.663218, -2.070257
912.024, -1.448644, 2.664663, -2.050761
910.071, -1.412539, 2.66033, -2.030541
908.118, -1.387988, 2.658886, -2.017544
906.165, -1.35766, 2.661774, -2.003824
904.212, -1.334553, 2.663218, -1.992992
902.259, -1.305668, 2.666107, -1.979994
900.306, -1.25801, 2.664663, -1.955443
898.353, -1.236347, 2.667551, -1.946056
896.4, -1.204574, 2.667551, -1.930169
894.447, -1.181467, 2.671884, -1.920782
892.494, -1.155471, 2.67044, -1.907062
890.541, -1.119366, 2.671884, -1.889732
888.588, -1.077484, 2.67044, -1.868069
886.635, -1.05871, 2.674772, -1.860848
884.682, -1.028382, 2.674772, -1.845684
882.73, -1.000942, 2.673328, -1.831241
880.777, -0.974946, 2.674772, -1.818966
878.824, -0.922955, 2.676217, -1.793692
876.871, -0.90418, 2.676217, -1.784305
874.918, -0.872408, 2.676217, -1.768419
872.965, -0.852189, 2.676217, -1.758309
871.012, -0.824749, 2.676217, -1.744589
869.059, -0.785756, 2.677661, -1.725815
867.106, -0.751095, 2.677661, -1.708484
865.153, -0.730876, 2.674772, -1.696931
863.2, -0.703436, 2.676217, -1.683933
861.247, -0.675996, 2.676217, -1.670213
859.294, -0.655777, 2.677661, -1.660826
857.341, -0.602342, 2.676217, -1.633386
855.388, -0.589344, 2.676217, -1.626887
853.435, -0.557572, 2.677661, -1.611723
851.482, -0.534464, 2.679105, -1.600891
849.53, -0.508469, 2.677661, -1.587171
847.577, -0.472364, 2.676217, -1.568397
845.624, -0.439147, 2.677661, -1.55251
843.671, -0.41604, 2.677661, -1.540957
841.718, -0.394377, 2.676217, -1.529403
839.765, -0.362604, 2.676217, -1.513517
837.812, -0.335164, 2.677661, -1.500519
835.859, -0.294727, 2.677661, -1.4803
833.906, -0.274508, 2.677661, -1.470191
831.953, -0.242735, 2.679105, -1.455027
830, -0.221072, 2.680549, -1.444917
828.047, -0.195077, 2.679105, -1.431198
826.094, -0.154639, 2.677661, -1.410257
824.141, -0.132976, 2.674772, -1.397981
822.188, -0.112757, 2.676217, -1.388594
820.235, -0.096871, 2.674772, -1.379928
818.282, -0.065099, 2.674772, -1.364042
816.33, -0.039103, 2.674772, -1.351044
814.377, 0.008556, 2.674772, -1.327215
812.424, 0.02733, 2.674772, -1.317828
810.471, 0.053326, 2.676217, -1.305552
808.518, 0.077878, 2.676217, -1.293276
806.565, 0.108206, 2.677661, -1.278834
804.612, 0.150088, 2.677661, -1.257893
802.659, 0.178972, 2.680549, -1.244895
800.706, 0.206412, 2.683437, -1.23262
798.753, 0.22663, 2.681993, -1.221788
796.8, 0.258403, 2.68777, -1.20879
794.847, 0.290175, 2.690658, -1.194348
792.894, 0.33639, 2.692103, -1.171963
790.941, 0.35372, 2.694991, -1.164742
788.988, 0.38116, 2.696435, -1.151744
787.035, 0.4086, 2.696435, -1.138024
785.082, 0.433151, 2.699324, -1.127193
783.13, 0.48081, 2.699324, -1.103364
781.177, 0.506806, 2.699324, -1.090366
779.224, 0.532801, 2.699324, -1.077368
777.271, 0.551576, 2.69788, -1.067258
775.318, 0.581904, 2.699324, -1.052817
773.365, 0.610788, 2.700768, -1.039097
771.412, 0.65267, 2.699324, -1.017434
769.459, 0.67, 2.69788, -1.008046
767.506, 0.691664, 2.69788, -0.997215
765.553, 0.720548, 2.699324, -0.983495
763.6, 0.740766, 2.699324, -0.973385
761.647, 0.788425, 2.699324, -0.949556
759.694, 0.808644, 2.699324, -0.939447
757.741, 0.830307, 2.69788, -0.927893
755.788, 0.850526, 2.699324, -0.918506
753.835, 0.880854, 2.699324, -0.903342
751.882, 0.909738, 2.699324, -0.8889
749.929, 0.950176, 2.699324, -0.868681
747.977, 0.96895, 2.69788, -0.858571
746.024, 0.990613, 2.700768, -0.849184
744.071, 1.019498, 2.699324, -0.83402
742.118, 1.042605, 2.700768, -0.823188
740.165, 1.090263, 2.702212, -0.800081
738.212, 1.110482, 2.700768, -0.78925
736.259, 1.133589, 2.699324, -0.776974
734.306, 1.15092, 2.700768, -0.769031
732.353, 1.179804, 2.700768, -0.754589
730.4, 1.210132, 2.699324, -0.738703
728.447, 1.247681, 2.700768, -0.72065
726.494, 1.2679, 2.700768, -0.710541
724.541, 1.289563, 2.699324, -0.698987
722.588, 1.321336, 2.700768, -0.683823
720.635, 1.342999, 2.703656, -0.674435
718.682, 1.392102, 2.7051, -0.650606
716.729, 1.412321, 2.707989, -0.641941
714.777, 1.436872, 2.706545, -0.628943
712.824, 1.458535, 2.709433, -0.619556
710.871, 1.484531, 2.712322, -0.608002
708.918, 1.519192, 2.713766, -0.591394
706.965, 1.559629, 2.71521, -0.571897
705.012, 1.585625, 2.716654, -0.559621
703.059, 1.598623, 2.718098, -0.553845
701.106, 1.630395, 2.719543, -0.53868
699.153, 1.653502, 2.722431, -0.528571
697.2, 1.702605, 2.723875, -0.504742
695.247, 1.722824, 2.723875, -0.494632
693.294, 1.750264, 2.722431, -0.48019
691.341, 1.769039, 2.723875, -0.471525
689.388, 1.79359, 2.723875, -0.459249
687.435, 1.826807, 2.725319, -0.443363
685.482, 1.862912, 2.725319, -0.42531
683.529, 1.888907, 2.726764, -0.413035
681.577, 1.904794, 2.725319, -0.40437
679.624, 1.935122, 2.726764, -0.389928
677.671, 1.961117, 2.726764, -0.37693
675.718, 2.007332, 2.729652, -0.355267
673.765, 2.024662, 2.73254, -0.348046
671.812, 2.052102, 2.731096, -0.333604
669.859, 2.070877, 2.731096, -0.324216
667.906, 2.096873, 2.735429, -0.313385
665.953, 2.132977, 2.735429, -0.295332
664, 2.166194, 2.735429, -0.278724
662.047, 2.189301, 2.74265, -0.270781
660.094, 2.206632, 2.74265, -0.262116
658.141, 2.23696, 2.746982, -0.249118
656.188, 2.261512, 2.746982, -0.236842
654.235, 2.307726, 2.748427, -0.214457
652.282, 2.326501, 2.748427, -0.20507
650.329, 2.352496, 2.749871, -0.192794
648.377, 2.375603, 2.749871, -0.18124
646.424, 2.394378, 2.748427, -0.171131
644.471, 2.430483, 2.751315, -0.154522
642.518, 2.460811, 2.755647, -0.141525
640.565, 2.483919, 2.754203, -0.129249
638.612, 2.499805, 2.75998, -0.124194
636.659, 2.531578, 2.764313, -0.110474
634.706, 2.553241, 2.768646, -0.101809
632.753, 2.603788, 2.772978, -0.078702
630.8, 2.619674, 2.772978, -0.070759
628.847, 2.648558, 2.780199, -0.059927
626.894, 2.674554, 2.78742, -0.05054
624.941, 2.694772, 2.791753, -0.042597
622.988, 2.736654, 2.800418, -0.025988
621.035, 2.751096, 2.807639, -0.022378
619.082, 2.79009, 2.822081, -0.010102
617.129, 2.808864, 2.835079, -0.007214
615.177, 2.840637, 2.853853, -0.000715
613.224, 2.865188, 2.874072, 0.001451
611.271, 2.909959, 2.917398, 0.002174
609.318, 2.930177, 2.937617, 0.002173
607.365, 2.950396, 2.963613, -0.000715
605.412, 2.976392, 2.992497, -0.002159
603.459, 2.998055, 3.017048, -0.003603
601.506, 3.039937, 3.056042, -0.002159
599.553, 3.052935, 3.076261, -0.00577
597.6, 3.090484, 3.119586, -0.008658
595.647, 3.107814, 3.138361, -0.00938
593.694, 3.138142, 3.168689, -0.00938
591.741, 3.162694, 3.197574, -0.011547
589.788, 3.208908, 3.243788, -0.011547
587.835, 3.230571, 3.264007, -0.010824
585.882, 3.252234, 3.288558, -0.012269
583.929, 3.276786, 3.321775, -0.016601
581.977, 3.298449, 3.346326, -0.018045
580.024, 3.344663, 3.386764, -0.015157
578.071, 3.359105, 3.405539, -0.017323
576.118, 3.39521, 3.450309, -0.021656
574.165, 3.412541, 3.466195, -0.020934
572.212, 3.444313, 3.5023, -0.0231
570.259, 3.471753, 3.531184, -0.023822
568.306, 3.489084, 3.552847, -0.025989
566.353, 3.530965, 3.600506, -0.028877
564.4, 3.554073, 3.622169, -0.028155
562.447, 3.580068, 3.652497, -0.030321
560.494, 3.603175, 3.679937, -0.032488
558.541, 3.642169, 3.718931, -0.032488
556.588, 3.658055, 3.733372, -0.031765
554.635, 3.692716, 3.775254, -0.035376
552.682, 3.707158, 3.789696, -0.035376
550.729, 3.738931, 3.822913, -0.036098
548.777, 3.764926, 3.850353, -0.03682
546.824, 3.782257, 3.869128, -0.037542
544.871, 3.829915, 3.924007, -0.041153
542.918, 3.850134, 3.942782, -0.040431
540.965, 3.880462, 3.974554, -0.041153
539.012, 3.899237, 3.999106, -0.044041
537.059, 3.922344, 4.020769, -0.043319
535.106, 3.959893, 4.061206, -0.044763
533.153, 3.991666, 4.1002, -0.048374
531.2, 4.01044, 4.118975, -0.048374
529.247, 4.040769, 4.149302, -0.048373
527.294, 4.072541, 4.181075, -0.048374
525.341, 4.085539, 4.196961, -0.049818
523.388, 4.13031, 4.247509, -0.052706
521.435, 4.150528, 4.267727, -0.052706
519.482, 4.182301, 4.298056, -0.051984
517.529, 4.203964, 4.324051, -0.05415
515.577, 4.227071, 4.345714, -0.053428
513.624, 4.261732, 4.383264, -0.054872
511.671, 4.293504, 4.422257, -0.058483
509.718, 4.309391, 4.436699, -0.057761
507.765, 4.339719, 4.468472, -0.058483
505.812, 4.371491, 4.4988, -0.057761
503.859, 4.385933, 4.513242, -0.057761
501.906, 4.432148, 4.566678, -0.061372
499.953, 4.44659, 4.584008, -0.062815
498, 4.416262, 4.550791, -0.061371
496.047, 4.368603, 4.506021, -0.062816
494.094, 4.342607, 4.481469, -0.063538
492.141, 4.322388, 4.458362, -0.062093
490.188, 4.286283, 4.428034, -0.064982
488.235, 4.242957, 4.38182, -0.063538
486.282, 4.206852, 4.345714, -0.063538
484.329, 4.183745, 4.324051, -0.06426
482.377, 4.144752, 4.282169, -0.062816
480.424, 4.13031, 4.267727, -0.062815
478.471, 4.081206, 4.221513, -0.06426
476.518, 4.050878, 4.188296, -0.062816
474.565, 4.011885, 4.14497, -0.060649
472.612, 3.984445, 4.120419, -0.062094
470.659, 3.964226, 4.097311, -0.060649
468.706, 3.933898, 4.068428, -0.061371
466.753, 3.890572, 4.025102, -0.061371
464.8, 3.855911, 3.990441, -0.061371
462.847, 3.83136, 3.968777, -0.062816
460.894, 3.792366, 3.931228, -0.063538
458.941, 3.775036, 3.915342, -0.06426
456.988, 3.731709, 3.866239, -0.061371
455.035, 3.699937, 3.831578, -0.059927
453.082, 3.659499, 3.794029, -0.061371
451.129, 3.636392, 3.769478, -0.06065
449.177, 3.617618, 3.749259, -0.059927
447.224, 3.587289, 3.718931, -0.059927
445.271, 3.541075, 3.675604, -0.061371
443.318, 3.506414, 3.639499, -0.06065
441.365, 3.484751, 3.620725, -0.062094
439.412, 3.45009, 3.58462, -0.061371
437.459, 3.428427, 3.564401, -0.062094
435.506, 3.386545, 3.523963, -0.062816
433.553, 3.359105, 3.490746, -0.059927
431.6, 3.331666, 3.466195, -0.061371
429.647, 3.294116, 3.428646, -0.061372
427.694, 3.279674, 3.411315, -0.059927
425.741, 3.242125, 3.376655, -0.061371
423.788, 3.203131, 3.336217, -0.060649
421.835, 3.164138, 3.301556, -0.062816
419.882, 3.145364, 3.279893, -0.061371
417.929, 3.113591, 3.245232, -0.059927
415.977, 3.093372, 3.226457, -0.060649
414.024, 3.048602, 3.183131, -0.061371
412.071, 3.021162, 3.154247, -0.060649
410.118, 2.993722, 3.13114, -0.062816
408.165, 2.953285, 3.090703, -0.062816
406.212, 2.941731, 3.070484, -0.058483
404.259, 2.89696, 3.035823, -0.063538
402.306, 2.863744, 2.998274, -0.061371
400.353, 2.829083, 2.962169, -0.06065
398.4, 2.808864, 2.943394, -0.061371
396.447, 2.778536, 2.908733, -0.059205
394.494, 2.756873, 2.889958, -0.06065
392.541, 2.712103, 2.848076, -0.062094
390.588, 2.687551, 2.824969, -0.062816
388.635, 2.665888, 2.800418, -0.061371
386.682, 2.625451, 2.771534, -0.067148
384.729, 2.606676, 2.757092, -0.069315
382.777, 2.570571, 2.735429, -0.076536
380.824, 2.538798, 2.723875, -0.086645
378.871, 2.512803, 2.713766, -0.094588
376.918, 2.48103, 2.707989, -0.107586
374.965, 2.45359, 2.702212, -0.118418
373.012, 2.431927, 2.69788, -0.127083
371.059, 2.39149, 2.686326, -0.141525
369.106, 2.365494, 2.683437, -0.153078
367.153, 2.343831, 2.680549, -0.162466
365.2, 2.306282, 2.679105, -0.180518
363.247, 2.294728, 2.679105, -0.186295
361.294, 2.249958, 2.677661, -0.207958
359.341, 2.21963, 2.676217, -0.2224
357.388, 2.199411, 2.676217, -0.23251
355.435, 2.163306, 2.673328, -0.249118
353.482, 2.135866, 2.674772, -0.26356
351.529, 2.10987, 2.671884, -0.275113
349.577, 2.072321, 2.67044, -0.293166
347.624, 2.052102, 2.674772, -0.305442
345.671, 2.026107, 2.674772, -0.318439
343.718, 1.99289, 2.676217, -0.33577
341.765, 1.979892, 2.676217, -0.342269
339.812, 1.939454, 2.673328, -0.361044
337.859, 1.904794, 2.674772, -0.379096
335.906, 1.884575, 2.674772, -0.389205
333.953, 1.849914, 2.673328, -0.405814
332, 1.822474, 2.67044, -0.41809
330.047, 1.799367, 2.668995, -0.428921
328.094, 1.756041, 2.666107, -0.44914
326.141, 1.735822, 2.661774, -0.457083
324.188, 1.706938, 2.664663, -0.472969
322.235, 1.6665, 2.661774, -0.491744
320.282, 1.653502, 2.661774, -0.498243
318.329, 1.61162, 2.658886, -0.517739
316.377, 1.578404, 2.658886, -0.534348
314.424, 1.555297, 2.657442, -0.545179
312.471, 1.523524, 2.655998, -0.560344
310.518, 1.498973, 2.655998, -0.572619
308.565, 1.474421, 2.654553, -0.584173
306.612, 1.433984, 2.654553, -0.604392
304.659, 1.412321, 2.654553, -0.615223
302.706, 1.389213, 2.655998, -0.627499
300.753, 1.351664, 2.655998, -0.646273
298.8, 1.338666, 2.658886, -0.654217
296.847, 1.298229, 2.657442, -0.673713
294.894, 1.280898, 2.657442, -0.682378
292.941, 1.244793, 2.657442, -0.700431
290.988, 1.213021, 2.658886, -0.717039
289.035, 1.191358, 2.655998, -0.726427
287.082, 1.165362, 2.657442, -0.740147
285.129, 1.12348, 2.654553, -0.759643
283.177, 1.104705, 2.655998, -0.769753
281.224, 1.077266, 2.657442, -0.784195
279.271, 1.042605, 2.657442, -0.801525
277.318, 1.029607, 2.658886, -0.808746
275.365, 0.989169, 2.655998, -0.827521
273.412, 0.971839, 2.655998, -0.836186
271.459, 0.938622, 2.655998, -0.852794
269.506, 0.903961, 2.658886, -0.871569
267.553, 0.882298, 2.655998, -0.880956
265.6, 0.856303, 2.655998, -0.893954
263.647, 0.820198, 2.657442, -0.912729
261.694, 0.79709, 2.657442, -0.924282
259.741, 0.768206, 2.655998, -0.938002
257.788, 0.742211, 2.661774, -0.953889
255.835, 0.733545, 2.661774, -0.958221
253.882, 0.690219, 2.658886, -0.97844
251.929, 0.668556, 2.661774, -0.990716
249.977, 0.638228, 2.663218, -1.006602
248.024, 0.603567, 2.666107, -1.025377
246.071, 0.586237, 2.664663, -1.03332
244.118, 0.555909, 2.663218, -1.047762
242.165, 0.537134, 2.661774, -1.056427
240.212, 0.493808, 2.661774, -1.07809
238.259, 0.466368, 2.661774, -1.09181
236.306, 0.433151, 2.663218, -1.10914
234.353, 0.420153, 2.66033, -1.114195
232.4, 0.376827, 2.658886, -1.135136
230.447, 0.359497, 2.657442, -1.143079
228.494, 0.323392, 2.657442, -1.161132
226.541, 0.290175, 2.658886, -1.178462
224.588, 0.272845, 2.657442, -1.186405
222.635, 0.239628, 2.655998, -1.202291
220.682, 0.220854, 2.654553, -1.210957
218.729, 0.183304, 2.654553, -1.229731
216.776, 0.150088, 2.654553, -1.24634
214.824, 0.124092, 2.655998, -1.260059
212.871, 0.10965, 2.657442, -1.268003
210.918, 0.087987, 2.657442, -1.278834
208.965, 0.053326, 2.655998, -1.295442
207.012, 0.017221, 2.654553, -1.312773
205.059, -0.014551, 2.658886, -1.330825
203.106, -0.033326, 2.655998, -1.338769
201.153, -0.063654, 2.657442, -1.354655
199.2, -0.080985, 2.655998, -1.362598
197.247, -0.121422, 2.655998, -1.382817
195.294, -0.148862, 2.655998, -1.396537
193.341, -0.177746, 2.655998, -1.410979
191.388, -0.192188, 2.655998, -1.4182
189.435, -0.212407, 2.655998, -1.428309
187.482, -0.252845, 2.654553, -1.447806
185.529, -0.27884, 2.655998, -1.461526
183.576, -0.320722, 2.654553, -1.481745
181.624, -0.33372, 2.655998, -1.488966
179.671, -0.366937, 2.654553, -1.504852
177.718, -0.381379, 2.654553, -1.512073
175.765, -0.426149, 2.654553, -1.534458
173.812, -0.455033, 2.653109, -1.548178
171.859, -0.483917, 2.654553, -1.563342
169.906, -0.48825, 2.66033, -1.568397
167.953, -0.504136, 2.663218, -1.577784
166, -0.541685, 2.663218, -1.596559
164.047, -0.570569, 2.667551, -1.613167
162.094, -0.602342, 2.671884, -1.63122
160.141, -0.616784, 2.673328, -1.639163
158.188, -0.641335, 2.671884, -1.650716
156.235, -0.665887, 2.667551, -1.660826
154.282, -0.70488, 2.666107, -1.6796
152.329, -0.733764, 2.664663, -1.69332
150.376, -0.765537, 2.658886, -1.706318
148.424, -0.785756, 2.66033, -1.717149
146.471, -0.80453, 2.66033, -1.726537
144.518, -0.847856, 2.655998, -1.746034
142.565, -0.879629, 2.654553, -1.761198
140.612, -0.917178, 2.654553, -1.779972
138.659, -0.930176, 2.654553, -1.786471
136.706, -0.957616, 2.653109, -1.799469
134.753, -0.983611, 2.654553, -1.813189
132.8, -1.025493, 2.653109, -1.833408
130.847, -1.057266, 2.653109, -1.849294
128.894, -1.081817, 2.653109, -1.86157
126.941, -1.102036, 2.653109, -1.871679
124.988, -1.120811, 2.653109, -1.881067
123.035, -1.162692, 2.653109, -1.902007
121.082, -1.187244, 2.653109, -1.914283
119.129, -1.223349, 2.654553, -1.933058
117.176, -1.237791, 2.653109, -1.939557
115.224, -1.262342, 2.654553, -1.952555
113.271, -1.28545, 2.654553, -1.964108
111.318, -1.324443, 2.653109, -1.982883
109.365, -1.354771, 2.653109, -1.998047
107.412, -1.379323, 2.654553, -2.011045
105.459, -1.406762, 2.653109, -2.024043
103.506, -1.418316, 2.654553, -2.030542
101.553, -1.45731, 2.653109, -2.049316
99.6, -1.483305, 2.654553, -2.063036
97.647, -1.516522, 2.654553, -2.079644
95.694, -1.530964, 2.653109, -2.086143
93.741, -1.554071, 2.654553, -2.098419
91.788, -1.585844, 2.654553, -2.114305
89.835, -1.621949, 2.653109, -2.131636
87.882, -1.655165, 2.654553, -2.148966
85.929, -1.678273, 2.653109, -2.159798
83.976, -1.702824, 2.653109, -2.172073
82.024, -1.717266, 2.654553, -2.180017
80.071, -1.750483, 2.654553, -2.196625
78.118, -1.775034, 2.654553, -2.208901
76.165, -1.811139, 2.655998, -2.227675
74.212, -1.831358, 2.657442, -2.238507
72.259, -1.848688, 2.655998, -2.24645
70.306, -1.879017, 2.653109, -2.26017
68.353, -1.912233, 2.654553, -2.2775
66.4, -1.944006, 2.653109, -2.292664
64.447, -1.971446, 2.653109, -2.306384
62.494, -1.997441, 2.654553, -2.320104
60.541, -2.013328, 2.654553, -2.328048
58.588, -2.055209, 2.653109, -2.348266
56.635, -2.078317, 2.653109, -2.35982
54.682, -2.114422, 2.653109, -2.377872
52.729, -2.13464, 2.654553, -2.388704
50.776, -2.151971, 2.653109, -2.396647
48.824, -2.183743, 2.651665, -2.411811
46.871, -2.218404, 2.653109, -2.429864
44.918, -2.253065, 2.651665, -2.446472
42.965, -2.274728, 2.651665, -2.457303
41.012, -2.300724, 2.653109, -2.471023
39.059, -2.31661, 2.650221, -2.477522
37.106, -2.355603, 2.653109, -2.498463
35.153, -2.383043, 2.650221, -2.510739
33.2, -2.413372, 2.651665, -2.526625
31.247, -2.43359, 2.651665, -2.536734
29.294, -2.448033, 2.653109, -2.544678
27.341, -2.482693, 2.651665, -2.561286
25.388, -2.51591, 2.653109, -2.578616
23.435, -2.549127, 2.651665, -2.594503
21.482, -2.566457, 2.653109, -2.60389
19.529, -2.598229, 2.651665, -2.619054
17.576, -2.612671, 2.651665, -2.626275
15.624, -2.653109, 2.651665, -2.646494
13.671, -2.677661, 2.651665, -2.65877
11.718, -2.712322, 2.651665, -2.6761
9.765, -2.733984, 2.651665, -2.686931
7.812, -2.748427, 2.653109, -2.694875
5.859, -2.77731, 2.651665, -2.708595
3.906, -2.809083, 2.651665, -2.724481
1.953, -2.835079, 2.651665, -2.737478
0, -2.850965, 2.651665, -2.745422
-1.953, -2.839411, 2.650221, -2.738923
-3.906, -2.796085, 2.653109, -2.718704
-5.859, -2.768646, 2.651665, -2.704262
-7.812, -2.733984, 2.653109, -2.687654
-9.765, -2.702212, 2.653109, -2.671767
-11.718, -2.680549, 2.654553, -2.661658
-13.671, -2.627114, 2.654553, -2.63494
-15.624, -2.596785, 2.654553, -2.619776
-17.576, -2.565013, 2.654553, -2.60389
-19.529, -2.540461, 2.654553, -2.591614
-21.482, -2.507245, 2.654553, -2.575006
-23.435, -2.474028, 2.655998, -2.55912
-25.388, -2.429258, 2.655998, -2.536735
-27.341, -2.406151, 2.655998, -2.525181
-29.294, -2.368601, 2.655998, -2.506406
-31.247, -2.34405, 2.655998, -2.494131
-33.2, -2.31661, 2.658886, -2.481855
-35.153, -2.264619, 2.657442, -2.455137
-37.106, -2.240067, 2.657442, -2.442861
-39.059, -2.209739, 2.655998, -2.426975
-41.012, -2.18952, 2.655998, -2.416866
-42.965, -2.159192, 2.658886, -2.403146
-44.918, -2.123087, 2.657442, -2.384371
-46.871, -2.081205, 2.655998, -2.362708
-48.824, -2.059542, 2.655998, -2.351876
-50.776, -2.02777, 2.655998, -2.33599
-52.729, -2.001774, 2.654553, -2.322271
-54.682, -1.978667, 2.658886, -2.312883
-56.635, -1.925231, 2.657442, -2.285443
-58.588, -1.902124, 2.657442, -2.27389
-60.541, -1.871796, 2.658886, -2.259448
-62.494, -1.848688, 2.657442, -2.247172
-64.447, -1.821249, 2.657442, -2.233452
-66.4, -1.783699, 2.658886, -2.2154
-68.353, -1.74615, 2.658886, -2.196625
-70.306, -1.724487, 2.657442, -2.185071
-72.259, -1.694159, 2.658886, -2.170629
-74.212, -1.666719, 2.661774, -2.158354
-76.165, -1.640723, 2.658886, -2.143911
-78.118, -1.587288, 2.661774, -2.118638
-80.071, -1.567069, 2.663218, -2.109251
-82.024, -1.532408, 2.664663, -2.092642
-83.976, -1.509301, 2.666107, -2.081811
-85.929, -1.487638, 2.664663, -2.070257
-87.882, -1.4472, 2.663218, -2.049316
-89.835, -1.412539, 2.661774, -2.031264
-91.788, -1.387988, 2.663218, -2.01971
-93.741, -1.360548, 2.663218, -2.00599
-95.694, -1.333108, 2.663218, -1.99227
-97.647, -1.307113, 2.666107, -1.980716
-99.6, -1.255121, 2.666107, -1.954721
-101.553, -1.239235, 2.666107, -1.946778
-103.506, -1.20313, 2.67044, -1.930892
-105.459, -1.181467, 2.668995, -1.919338
-107.412, -1.155471, 2.67044, -1.907062
-109.365, -1.115034, 2.67044, -1.886843
-111.318, -1.078929, 2.671884, -1.869513
-113.271, -1.060154, 2.668995, -1.858681
-115.224, -1.035603, 2.671884, -1.84785
-117.176, -1.005274, 2.673328, -1.833408
-119.129, -0.97639, 2.674772, -1.819688
-121.082, -0.921511, 2.674772, -1.792248
-123.035, -0.907068, 2.676217, -1.785749
-124.988, -0.873852, 2.673328, -1.767697
-126.941, -0.852189, 2.674772, -1.757587
-128.894, -0.826193, 2.677661, -1.746034
-130.847, -0.788644, 2.676217, -1.726537
-132.8, -0.752539, 2.676217, -1.708484
-134.753, -0.733764, 2.674772, -1.698375
-136.706, -0.712101, 2.674772, -1.687543
-138.659, -0.680329, 2.676217, -1.672379
-140.612, -0.654333, 2.674772, -1.658659
-142.565, -0.612451, 2.676217, -1.638441
-144.518, -0.589344, 2.674772, -1.626165
-146.471, -0.557572, 2.674772, -1.610278
-148.424, -0.537353, 2.676217, -1.600891
-150.376, -0.512801, 2.676217, -1.588616
-152.329, -0.472364, 2.676217, -1.568397
-154.282, -0.437703, 2.677661, -1.551788
-156.235, -0.41604, 2.676217, -1.540235
-158.188, -0.394377, 2.677661, -1.530125
-160.141, -0.36116, 2.679105, -1.514239
-162.094, -0.335164, 2.677661, -1.500519
-164.047, -0.291838, 2.677661, -1.478856
-166, -0.271619, 2.679105, -1.469469
-167.953, -0.247068, 2.680549, -1.457915
-169.906, -0.21674, 2.680549, -1.442751
-171.859, -0.192188, 2.680549, -1.430475
-173.812, -0.151751, 2.677661, -1.408812
-175.765, -0.131532, 2.676217, -1.397981
-177.718, -0.108425, 2.676217, -1.386427
-179.671, -0.093983, 2.674772, -1.378484
-181.624, -0.065099, 2.673328, -1.36332
-183.576, -0.03477, 2.676217, -1.3496
-185.529, 0.005667, 2.676217, -1.329381
-187.482, 0.024442, 2.676217, -1.319994
-189.435, 0.048993, 2.676217, -1.307718
-191.388, 0.077878, 2.677661, -1.293998
-193.341, 0.105317, 2.679105, -1.281
-195.294, 0.150088, 2.677661, -1.257893
-197.247, 0.176083, 2.680549, -1.246339
-199.2, 0.203523, 2.680549, -1.23262
-201.153, 0.225186, 2.681993, -1.22251
-203.106, 0.256959, 2.683437, -1.207346
-205.059, 0.290175, 2.693547, -1.195793
-207.012, 0.333501, 2.693547, -1.174129
-208.965, 0.350832, 2.690658, -1.16402
-210.918, 0.378272, 2.694991, -1.152466
-212.871, 0.410044, 2.696435, -1.137302
-214.824, 0.433151, 2.699324, -1.127193
-216.776, 0.476477, 2.699324, -1.10553
-218.729, 0.501029, 2.699324, -1.093254
-220.682, 0.529913, 2.69788, -1.07809
-222.635, 0.55302, 2.699324, -1.067258
-224.588, 0.58046, 2.699324, -1.053539
-226.541, 0.609344, 2.699324, -1.039097
-228.494, 0.651226, 2.699324, -1.018156
-230.447, 0.667112, 2.699324, -1.010213
-232.4, 0.690219, 2.69788, -0.997937
-234.353, 0.720548, 2.699324, -0.983495
-236.306, 0.740766, 2.699324, -0.973385
-238.259, 0.786981, 2.699324, -0.950278
-240.212, 0.8072, 2.69788, -0.939447
-242.165, 0.830307, 2.69788, -0.927893
-244.118, 0.849082, 2.699324, -0.919228
-246.071, 0.877966, 2.700768, -0.905508
-248.024, 0.911182, 2.699324, -0.888177
-249.977, 0.95162, 2.700768, -0.868681
-251.929, 0.973283, 2.700768, -0.857849
-253.882, 0.992058, 2.699324, -0.84774
-255.835, 1.020942, 2.700768, -0.83402
-257.788, 1.039716, 2.700768, -0.824633
-259.741, 1.090263, 2.702212, -0.800081
-261.694, 1.110482, 2.700768, -0.78925
-263.647, 1.135034, 2.700768, -0.776974
-265.6, 1.152364, 2.700768, -0.768309
-267.553, 1.181248, 2.700768, -0.753867
-269.506, 1.214465, 2.700768, -0.737258
-271.459, 1.25057, 2.702212, -0.719928
-273.412, 1.273677, 2.700768, -0.707652
-275.365, 1.288119, 2.700768, -0.700431
-277.318, 1.321336, 2.702212, -0.684545
-279.271, 1.345887, 2.703656, -0.672991
-281.224, 1.392102, 2.706545, -0.651328
-283.177, 1.410876, 2.707989, -0.642663
-285.129, 1.435428, 2.707989, -0.630387
-287.082, 1.461424, 2.709433, -0.618111
-289.035, 1.485975, 2.710877, -0.606558
-290.988, 1.523524, 2.712322, -0.588505
-292.941, 1.561073, 2.71521, -0.571175
-294.894, 1.582736, 2.720987, -0.563232
-296.847, 1.597178, 2.720987, -0.556011
-298.8, 1.633283, 2.722431, -0.53868
-300.753, 1.656391, 2.722431, -0.527127
-302.706, 1.706938, 2.723875, -0.502575
-304.659, 1.719936, 2.723875, -0.496076
-306.612, 1.74882, 2.723875, -0.481634
-308.565, 1.767594, 2.723875, -0.472247
-310.518, 1.795034, 2.725319, -0.459249
-312.471, 1.828251, 2.725319, -0.442641
-314.424, 1.862912, 2.723875, -0.424588
-316.377, 1.888907, 2.726764, -0.413035
-318.329, 1.901905, 2.723875, -0.405092
-320.282, 1.936566, 2.726764, -0.389206
-322.235, 1.959673, 2.726764, -0.377652
-324.188, 2.007332, 2.728208, -0.354545
-326.141, 2.021774, 2.728208, -0.347324
-328.094, 2.049214, 2.729652, -0.334326
-330.047, 2.069432, 2.728208, -0.323494
-332, 2.096873, 2.73254, -0.311941
-333.953, 2.134422, 2.738317, -0.296054
-335.906, 2.161861, 2.739761, -0.283057
-337.859, 2.187857, 2.741205, -0.270781
-339.812, 2.205188, 2.741205, -0.262116
-341.765, 2.23696, 2.74265, -0.246951
-343.718, 2.261512, 2.746982, -0.236842
-345.671, 2.307726, 2.746982, -0.213735
-347.624, 2.327945, 2.748427, -0.204348
-349.577, 2.351052, 2.749871, -0.193516
-351.529, 2.372715, 2.749871, -0.182685
-353.482, 2.394378, 2.748427, -0.171131
-355.435, 2.430483, 2.752759, -0.155244
-357.388, 2.444925, 2.752759, -0.148024
-359.341, 2.485363, 2.757092, -0.129971
-361.294, 2.499805, 2.75998, -0.124194
-363.247, 2.530133, 2.764313, -0.111196
-365.2, 2.551796, 2.77009, -0.103253
-367.153, 2.599455, 2.772978, -0.080868
-369.106, 2.619674, 2.772978, -0.070759
-371.059, 2.645669, 2.77731, -0.059927
-373.012, 2.671665, 2.783087, -0.049818
-374.965, 2.694772, 2.791753, -0.042597
-376.918, 2.738098, 2.798974, -0.024544
-378.871, 2.751096, 2.806195, -0.021656
-380.824, 2.79009, 2.820637, -0.00938
-382.777, 2.808864, 2.833634, -0.006492
-384.729, 2.839193, 2.849521, 0.000729
-386.682, 2.866632, 2.875516, 0.001451
-388.635, 2.885407, 2.894291, 0.001451
-390.588, 2.930177, 2.937617, 0.002173
-392.541, 2.95184, 2.962169, 0.000729
-394.494, 2.977836, 2.991052, -0.000715
-396.447, 3.002388, 3.015604, -0.000715
-398.4, 3.044269, 3.056042, 0
-400.353, 3.055823, 3.076261, -0.004326
-402.306, 3.091928, 3.118142, -0.007214
-404.259, 3.109258, 3.139805, -0.00938
-406.212, 3.142475, 3.168689, -0.007214
-408.165, 3.165582, 3.199018, -0.010824
-410.118, 3.184357, 3.217792, -0.010824
-412.071, 3.23346, 3.265451, -0.010102
-414.024, 3.25079, 3.292891, -0.015157
-415.977, 3.279674, 3.321775, -0.015157
-417.929, 3.299893, 3.343438, -0.015879
-419.882, 3.343219, 3.391096, -0.018045
-421.835, 3.357661, 3.406983, -0.018767
-423.788, 3.398099, 3.44742, -0.018767
-425.741, 3.409652, 3.466195, -0.022378
-427.694, 3.444313, 3.503744, -0.023822
-429.647, 3.473197, 3.52974, -0.022378
-431.6, 3.489084, 3.554291, -0.026711
-433.553, 3.533854, 3.60195, -0.028155
-435.506, 3.554073, 3.623613, -0.028877
-437.459, 3.584401, 3.651053, -0.027433
-439.412, 3.60462, 3.682825, -0.033209
-441.365, 3.624838, 3.700156, -0.031765
-443.318, 3.660944, 3.734817, -0.031043
-445.271, 3.692716, 3.776699, -0.036098
-447.224, 3.710047, 3.791141, -0.034654
-449.177, 3.738931, 3.822913, -0.036098
-451.129, 3.766371, 3.853241, -0.037542
-453.082, 3.780813, 3.870572, -0.038986
-455.035, 3.829915, 3.924007, -0.041153
-456.988, 3.850134, 3.942782, -0.040431
-458.941, 3.877574, 3.975999, -0.043319
-460.894, 3.902126, 3.999106, -0.042597
-462.847, 3.922344, 4.023657, -0.044763
-464.8, 3.959893, 4.058318, -0.043319
-466.753, 3.991666, 4.098756, -0.047652
-468.706, 4.01044, 4.114642, -0.046208
-470.659, 4.036436, 4.149302, -0.05054
-472.612, 4.071097, 4.178187, -0.047651
-474.565, 4.086983, 4.195518, -0.048374
-476.518, 4.13031, 4.246064, -0.051984
-478.471, 4.150528, 4.266284, -0.051984
-480.424, 4.180857, 4.298056, -0.052706
-482.377, 4.203964, 4.321163, -0.052706
-484.329, 4.224183, 4.345714, -0.054872
-486.282, 4.263176, 4.38182, -0.053429
-488.235, 4.294949, 4.419369, -0.056317
-490.188, 4.312279, 4.436699, -0.056317
-492.141, 4.33683, 4.467027, -0.059205
-494.094, 4.36427, 4.494467, -0.059205
-496.047, 4.385933, 4.513242, -0.057761
-498, 4.432148, 4.565233, -0.060649
-499.953, 4.448034, 4.579675, -0.059927
-501.906, 4.414817, 4.553679, -0.063538
-503.859, 4.372935, 4.508909, -0.062093
-505.812, 4.34694, 4.481469, -0.061372
-507.765, 4.326721, 4.459806, -0.060649
-509.718, 4.29206, 4.432367, -0.06426
-511.671, 4.250178, 4.386152, -0.062093
-513.624, 4.211185, 4.352935, -0.064982
-515.577, 4.188077, 4.32694, -0.063537
-517.529, 4.150528, 4.287946, -0.062816
-519.482, 4.134642, 4.270616, -0.062093
-521.435, 4.086983, 4.225845, -0.063537
-523.388, 4.056655, 4.192629, -0.062093
-525.341, 4.027771, 4.163745, -0.062094
-527.294, 3.984445, 4.121863, -0.062816
-529.247, 3.964226, 4.1002, -0.062094
-531.2, 3.933898, 4.069872, -0.062094
-533.153, 3.892016, 4.025102, -0.060649
-535.106, 3.854467, 3.991885, -0.062816
-537.059, 3.83136, 3.968777, -0.062816
-539.012, 3.795254, 3.929784, -0.061371
-540.965, 3.775036, 3.912453, -0.062816
-542.918, 3.730265, 3.866239, -0.062094
-544.871, 3.699937, 3.833023, -0.060649
-546.824, 3.67683, 3.808471, -0.059927
-548.777, 3.634948, 3.766589, -0.059927
-550.729, 3.613285, 3.747814, -0.061371
-552.682, 3.581512, 3.717486, -0.062094
-554.635, 3.541075, 3.67416, -0.06065
-556.588, 3.50497, 3.638055, -0.060649
-558.541, 3.484751, 3.620725, -0.062094
-560.494, 3.445757, 3.583175, -0.062816
-562.447, 3.425539, 3.565845, -0.06426
-564.4, 3.387989, 3.521075, -0.060649
-566.353, 3.354773, 3.489302, -0.061371
-568.306, 3.334554, 3.466195, -0.059927
-570.259, 3.29556, 3.428646, -0.060649
-572.212, 3.276786, 3.409871, -0.06065
-574.165, 3.245013, 3.378099, -0.060649
-576.118, 3.204576, 3.337661, -0.06065
-578.071, 3.17858, 3.31311, -0.061371
-580.024, 3.145364, 3.282781, -0.062816
-581.977, 3.115035, 3.245232, -0.059205
-583.929, 3.094816, 3.229346, -0.061371
-585.882, 3.05149, 3.18602, -0.061371
-587.835, 3.019718, 3.155691, -0.062094
-589.788, 2.996611, 3.13114, -0.061371
-591.741, 2.954729, 3.090703, -0.062094
-593.694, 2.940287, 3.071928, -0.059927
-595.647, 2.901293, 3.037267, -0.062094
-597.6, 2.868076, 2.999718, -0.059927
-599.553, 2.846413, 2.978055, -0.059927
-601.506, 2.811753, 2.944838, -0.060649
-603.459, 2.784313, 2.91451, -0.059205
-605.412, 2.76265, 2.889958, -0.057761
-607.365, 2.719324, 2.855298, -0.062094
-609.318, 2.693328, 2.826413, -0.060649
-611.271, 2.667332, 2.80475, -0.062816
-613.224, 2.628339, 2.772978, -0.066426
-615.177, 2.612453, 2.75998, -0.06787
-617.129, 2.574903, 2.74265, -0.07798
-619.082, 2.543131, 2.729652, -0.087367
-621.035, 2.518579, 2.71521, -0.092422
-622.988, 2.485363, 2.706545, -0.104698
-624.941, 2.456479, 2.702212, -0.116973
-626.894, 2.434816, 2.699324, -0.126361
-628.847, 2.394378, 2.68777, -0.140803
-630.8, 2.374159, 2.689214, -0.151634
-632.753, 2.342387, 2.680549, -0.163188
-634.706, 2.304837, 2.680549, -0.181962
-636.659, 2.293284, 2.679105, -0.187017
-638.612, 2.248514, 2.676217, -0.207958
-640.565, 2.218185, 2.674772, -0.2224
-642.518, 2.193634, 2.674772, -0.234676
-644.471, 2.160417, 2.673328, -0.250562
-646.424, 2.132977, 2.673328, -0.264282
-648.377, 2.111315, 2.671884, -0.274391
-650.329, 2.069432, 2.671884, -0.295332
-652.282, 2.050658, 2.674772, -0.306164
-654.235, 2.026107, 2.673328, -0.317717
-656.188, 1.990001, 2.673328, -0.33577
-658.141, 1.978448, 2.674772, -0.342269
-660.094, 1.939454, 2.67044, -0.359599
-662.047, 1.903349, 2.673328, -0.379096
-664, 1.880242, 2.671884, -0.389928
-665.953, 1.84847, 2.671884, -0.405814
-667.906, 1.82103, 2.671884, -0.419534
-669.859, 1.799367, 2.67044, -0.429643
-671.812, 1.757485, 2.664663, -0.447696
-673.765, 1.73871, 2.666107, -0.457805
-675.718, 1.706938, 2.666107, -0.473691
-677.671, 1.667944, 2.661774, -0.491022
-679.624, 1.656391, 2.664663, -0.498243
-681.577, 1.615953, 2.658886, -0.515573
-683.529, 1.59429, 2.657442, -0.525682
-685.482, 1.559629, 2.658886, -0.543735
-687.435, 1.524968, 2.655998, -0.559621
-689.388, 1.498973, 2.655998, -0.572619
-691.341, 1.475865, 2.654553, -0.583451
-693.294, 1.435428, 2.657442, -0.605114
-695.247, 1.413765, 2.655998, -0.615223
-697.2, 1.387769, 2.655998, -0.628221
-699.153, 1.351664, 2.655998, -0.646273
-701.106, 1.34011, 2.658886, -0.653494
-703.059, 1.301117, 2.655998, -0.671547
-705.012, 1.280898, 2.657442, -0.682378
-706.965, 1.243349, 2.654553, -0.699709
-708.918, 1.215909, 2.657442, -0.714873
-710.871, 1.194246, 2.657442, -0.725704
-712.824, 1.169695, 2.658886, -0.738702
-714.777, 1.149476, 2.66033, -0.749534
-716.729, 1.109038, 2.658886, -0.769031
-718.682, 1.081598, 2.658886, -0.782751
-720.635, 1.044049, 2.66033, -0.802247
-722.588, 1.032495, 2.658886, -0.807302
-724.541, 0.990613, 2.657442, -0.827521
-726.494, 0.974727, 2.655998, -0.834742
-728.447, 0.938622, 2.655998, -0.852794
-730.4, 0.899629, 2.655998, -0.872291
-732.353, 0.882298, 2.657442, -0.881678
-734.306, 0.857747, 2.655998, -0.893232
-736.259, 0.838972, 2.655998, -0.902619
-738.212, 0.792758, 2.655998, -0.925727
-740.165, 0.768206, 2.655998, -0.938002
-742.118, 0.745099, 2.66033, -0.951722
-744.071, 0.729213, 2.66033, -0.959665
-746.024, 0.691664, 2.66033, -0.97844
-747.977, 0.672889, 2.663218, -0.989272
-749.929, 0.636784, 2.66033, -1.00588
-751.882, 0.602123, 2.658886, -1.022488
-753.835, 0.583348, 2.661774, -1.03332
-755.788, 0.554464, 2.66033, -1.04704
-757.741, 0.53569, 2.66033, -1.056427
-759.694, 0.492364, 2.657442, -1.076646
-761.647, 0.46348, 2.657442, -1.091088
-763.6, 0.431707, 2.66033, -1.108418
-765.553, 0.417265, 2.657442, -1.114195
-767.506, 0.392714, 2.655998, -1.125749
-769.459, 0.358053, 2.655998, -1.143079
-771.412, 0.321948, 2.654553, -1.16041
-773.365, 0.284398, 2.655998, -1.179906
-775.318, 0.272845, 2.655998, -1.185683
-777.271, 0.241072, 2.654553, -1.200847
-779.224, 0.225186, 2.654553, -1.20879
-781.177, 0.18186, 2.654553, -1.230453
-783.13, 0.155864, 2.654553, -1.243451
-785.082, 0.122648, 2.657442, -1.261504
-787.035, 0.113983, 2.657442, -1.265836
-788.988, 0.089431, 2.657442, -1.278112
-790.941, 0.051882, 2.657442, -1.296887
-792.894, 0.021554, 2.655998, -1.311329
-794.847, -0.015996, 2.657442, -1.330825
-796.8, -0.033326, 2.657442, -1.339491
-798.753, -0.060766, 2.655998, -1.352489
-800.706, -0.080985, 2.655998, -1.362598
-802.659, -0.121422, 2.654553, -1.382095
-804.612, -0.150306, 2.654553, -1.396537
-806.565, -0.180635, 2.654553, -1.411701
-808.518, -0.190744, 2.654553, -1.416756
-810.471, -0.212407, 2.654553, -1.427587
-812.424, -0.252845, 2.654553, -1.447806
-814.377, -0.281729, 2.654553, -1.462248
-816.33, -0.322167, 2.654553, -1.482467
-818.282, -0.332276, 2.655998, -1.488243
-820.235, -0.356827, 2.657442, -1.501241
-822.188, -0.381379, 2.655998, -1.512795
-824.141, -0.421816, 2.655998, -1.533014
-826.094, -0.450701, 2.655998, -1.547456
-828.047, -0.479585, 2.657442, -1.56262
-830, -0.483917, 2.663218, -1.567675
-831.953, -0.504136, 2.666107, -1.579228
-833.906, -0.540241, 2.668995, -1.598725
-835.859, -0.569125, 2.67044, -1.613889
-837.812, -0.60523, 2.671884, -1.632664
-839.765, -0.613895, 2.673328, -1.637718
-841.718, -0.639891, 2.671884, -1.649994
-843.671, -0.662998, 2.67044, -1.660826
-845.624, -0.703436, 2.668995, -1.680322
-847.577, -0.735208, 2.666107, -1.694764
-849.53, -0.765537, 2.661774, -1.707762
-851.482, -0.792976, 2.66033, -1.72076
-853.435, -0.800198, 2.66033, -1.72437
-855.388, -0.844968, 2.655998, -1.744589
-857.341, -0.875296, 2.655998, -1.759754
-859.294, -0.915734, 2.654553, -1.77925
-861.247, -0.925843, 2.654553, -1.784305
-863.2, -0.956171, 2.654553, -1.799469
-865.153, -0.983611, 2.654553, -1.813189
-867.106, -1.024049, 2.653109, -1.832686
-869.059, -1.055821, 2.653109, -1.848572
-871.012, -1.081817, 2.653109, -1.86157
-872.965, -1.107813, 2.653109, -1.874568
-874.918, -1.119366, 2.654553, -1.881067
-876.871, -1.161248, 2.653109, -1.901285
-878.824, -1.188688, 2.654553, -1.915727
-880.777, -1.223349, 2.654553, -1.933058
-882.73, -1.237791, 2.654553, -1.940279
-884.682, -1.260898, 2.653109, -1.95111
-886.635, -1.284005, 2.654553, -1.963386
-888.588, -1.321555, 2.653109, -1.981439
-890.541, -1.356215, 2.653109, -1.998769
-892.494, -1.380767, 2.654553, -2.011767
-894.447, -1.406762, 2.653109, -2.024043
-896.4, -1.416872, 2.653109, -2.029097
-898.353, -1.45731, 2.654553, -2.050038
-900.306, -1.487638, 2.654553, -2.065202
-902.259, -1.517966, 2.653109, -2.079644
-904.212, -1.536741, 2.654553, -2.089754
-906.165, -1.552627, 2.653109, -2.096975
-908.118, -1.584399, 2.654553, -2.113583
-910.071, -1.623393, 2.654553, -2.13308
-912.024, -1.65661, 2.654553, -2.149688
-913.977, -1.676828, 2.654553, -2.159798
-915.93, -1.704268, 2.654553, -2.173518
-917.882, -1.717266, 2.654553, -2.180017
-919.835, -1.751927, 2.654553, -2.197347
-921.788, -1.776478, 2.654553, -2.209623
-923.741, -1.809695, 2.654553, -2.226231
-925.694, -1.832802, 2.654553, -2.237785
-927.647, -1.847244, 2.657442, -2.24645
-929.6, -1.876128, 2.654553, -2.259448
-931.553, -1.912233, 2.654553, -2.2775
-933.506, -1.946894, 2.654553, -2.294831
-935.459, -1.967113, 2.654553, -2.30494
-937.412, -1.995997, 2.655998, -2.320104
-939.365, -2.011883, 2.653109, -2.326603
-941.318, -2.052321, 2.653109, -2.346822
-943.271, -2.078317, 2.653109, -2.35982
-945.224, -2.114422, 2.653109, -2.377872
-947.177, -2.13464, 2.653109, -2.387982
-949.13, -2.149083, 2.653109, -2.395203
-951.082, -2.183743, 2.651665, -2.411811
-953.035, -2.215516, 2.651665, -2.427697
-954.988, -2.253065, 2.651665, -2.446472
-956.941, -2.27184, 2.651665, -2.455859
-958.894, -2.300724, 2.653109, -2.471023
-960.847, -2.31661, 2.650221, -2.477522
-962.8, -2.355603, 2.650221, -2.497019
-964.753, -2.383043, 2.651665, -2.511461
-966.706, -2.414816, 2.651665, -2.527347
-968.659, -2.43359, 2.653109, -2.537457
-970.612, -2.449476, 2.651665, -2.544677
-972.565, -2.482693, 2.651665, -2.561286
-974.518, -2.51591, 2.651665, -2.577894
-976.471, -2.550571, 2.653109, -2.595947
-978.424, -2.566457, 2.653109, -2.60389
-980.377, -2.596785, 2.650221, -2.61761
-982.33, -2.611227, 2.648777, -2.624109
-984.282, -2.654553, 2.650221, -2.646494
-986.235, -2.674772, 2.651665, -2.657326
-988.188, -2.696435, 2.650221, -2.667435
-990.141, -2.735429, 2.650221, -2.686931
-992.094, -2.749871, 2.650221, -2.694153
-994.047, -2.778755, 2.647332, -2.70715
-996, -2.807639, 2.648777, -2.722315
-997.953, -2.833634, 2.650221, -2.736035
